{
	"spec_version": "0.0.2",
	"fields": [
		{
			"name": "changebg",
			"type": "image",
			"required": true,
			"default": {
				"file": "AI_vol4_05.0012.png"
			}
		},
		{
			"name": "changetext",
			"type": "text",
			"required": true,
			"default": {
				"value": "SAVVY",
				"color": {
					"a": 1,
					"r": 235,
					"b": 0,
					"g": 0
				},
				"opacity": 1,
				"font": {
					"name": "Tahoma Regular"
				}
			}
		}
	],
	"output": "root",
	"fusions": [
		{
			"name": "root",
			"inputs": [
				{
					"field": "changebg",
					"path": "dyn_image"
				},
				{
					"field": "changetext",
					"path": "dyn_text"
				}
			],
			"depends": [],
			"file": "test.nk",
			"output": "Write1",
			"handler": "nuke-11.2v3",
			"width": 1280,
			"height": 720,
			"duration": 1,
			"frame_rate": 24,
			"kind": "nuke"
		}
	],
	"samples": [
		{
			"width": 300,
			"height": 300,
			"video": {
				"poster": 1
			},
			"image": {
				"frames": [
					1,
					10,
					50
				]
			},
			"name": "300x300"
		}
	],
	"files": [
		{
			"path": "AI_vol4_05.0012.png",
			"hash": "0dfbbee75b2bb2c2d78dea726a4d1a5c"
		},
		{
			"path": "generator.yaml",
			"hash": "2f11a55eb16bc0a6d449a72cf36a153a"
		},
		{
			"path": "test.nk",
			"hash": "93ea0e37f491786504b4c3d0c43008bc",
			"depends": [
				"0dfbbee75b2bb2c2d78dea726a4d1a5c",
				"013ec165105a40eb43bc1130d530bd1f"
			]
		},
		{
			"path": "fonts/tahoma.ttf",
			"hash": "013ec165105a40eb43bc1130d530bd1f"
		},
		{
			"path": "samples/images/0_1.jpg",
			"hash": "a030f6c9cca916ad2500d4bc27928b3c"
		},
		{
			"path": "samples/images/0_10.jpg",
			"hash": "c4c9f91abcfe049b1085241f42491a06"
		},
		{
			"path": "samples/videos/0.jpg",
			"hash": "a030f6c9cca916ad2500d4bc27928b3c"
		},
		{
			"path": "samples/videos/0.mp4",
			"hash": "d02d68dc911407bd9a50b6cf9c6d506f"
		}
	],
	"hash": "8771f029b1da9578993a76de9a851722",
	"cli_version": "1.1.6"
}