{
	"spec_version": "0.0.2",
	"fields": [
		{
			"name": "background",
			"type": "image",
			"required": true,
			"default": {
				"file": "AI_vol4_05.0012.png"
			}
		},
		{
			"name": "title",
			"type": "text",
			"required": true,
			"default": {
				"value": "SAVVY",
				"color": {
					"a": 1,
					"r": 0.9228228942504745,
					"b": 0,
					"g": 0
				},
				"opacity": 1,
				"font": {
					"name": "Tahoma Regular"
				}
			}
		}
	],
	"output": "root",
	"fusions": [
		{
			"name": "root",
			"inputs": [
				{
					"field": "background",
					"path": "dyn_image"
				},
				{
					"field": "title",
					"path": "dyn_text"
				}
			],
			"depends": [],
			"file": "test.nk",
			"output": "Write1",
			"handler": "nuke-11.2v3",
			"width": 1280,
			"height": 720,
			"duration": 1,
			"frame_rate": 24,
			"kind": "nuke"
		}
	],
	"samples": [
		{
			"width": 300,
			"height": 300,
			"video": {
				"poster": 1
			},
			"image": {
				"frames": [
					1,
					10,
					50
				]
			},
			"name": "300x300"
		}
	],
	"files": [
		{
			"path": "AI_vol4_05.0012.png",
			"hash": "0dfbbee75b2bb2c2d78dea726a4d1a5c"
		},
		{
			"path": "generator.yaml",
			"hash": "94c6f90870259036b67e92bf9236c49f"
		},
		{
			"path": "test.nk",
			"hash": "d1a4135c8f1203cde4645a9b93804958",
			"depends": [
				"0dfbbee75b2bb2c2d78dea726a4d1a5c",
				"013ec165105a40eb43bc1130d530bd1f"
			]
		},
		{
			"path": "fonts/tahoma.ttf",
			"hash": "013ec165105a40eb43bc1130d530bd1f"
		}
	],
	"hash": "a40cd23286bcc927c4921692e5c59ae6",
	"cli_version": "1.1.6"
}